format	filename	bytes	sha256
EPUB	Book_III_Data_Structures_and_Algorithms_Expanded_Corrected_Section_Examples.epub	472109	e2f37be0f2af3bb62fed7988ea83cf97759bc4ffbbb67f2808b09e06cecc746c
EPUB	Book_II_Modern_CPP_Programming_Expanded_Corrected_Section_Examples.epub	469274	625a1e8991bbde40e8e7acd2fd0a91ae7accab49737b48b4d96bbe36eb2107f1
EPUB	Book_IV_Systems_Programming_with_CPP_Expanded_Corrected_Section_Examples.epub	469998	6ef33a4a991fc5352e203f2361cda8149802d8140e419306aa8463742fe0bd5b
EPUB	Book_IX_Secure_CPP_Engineering_and_Production_Security_Corrected_Section_Examples.epub	27044	4a96502aa494ce3aeb6baed64620cf5e47ed577540e5e4ee4b1fa07b7dff74f8
EPUB	Book_I_CPP_Foundations_Expanded_Corrected_Section_Examples.epub	465625	e7ff5f7a9297b1d6458561c7affe627c432276bfd0534b9dbf7feade67581aad
EPUB	Book_VIII_Production_CPP_Services_and_Cloud_Native_Infrastructure_Corrected_Section_Examples.epub	79070	052f8ee46c1b4989525dea18097f6e5d3f2430e8dd5c008308711cea505d38de
EPUB	Book_VII_Advanced_CPP_Architecture_and_Distributed_Systems_Corrected_Section_Examples.epub	634171	836e8723aa3f9a58f2009d7fece26c158c663868ab7af762708e0423a6424417
EPUB	Book_VI_Expert_CPP_Parallel_Computing_CUDA_and_Real_Time_Systems_Expanded_Corrected_Section_Examples.epub	123631	f8743c46bed912a1a1e57d715749ae588cf4abd85547ad321fac14ca67af103c
EPUB	Book_V_Professional_and_High_Performance_CPP_Corrected_Section_Examples.epub	354013	52dad615ea7dcfcf0b8b1a0da875f0ce4353065314c507dcf6603557d7a999d1
EPUB	Book_XIII_CPP_Machine_Learning_and_AI_Systems_Corrected_Section_Examples.epub	21799	71a03aae9f70e187e528c3a67a1b1129a1457923729b18b2d5111c40a22451ad
EPUB	Book_XII_CPP_Computer_Vision_and_Intelligent_Perception_Corrected_Section_Examples.epub	17578	909fedc4181d5c3f2b48db6aa779350c89770713873d1512516ca75b1a72405b
EPUB	Book_XIV_CPP_Large_Language_Models_and_Generative_AI_Systems_Corrected_Section_Examples.epub	22998	ca98c0efca4cd9249c16165dd326b6e266f5e4256b4415dd5a65eb6078ad8b3d
EPUB	Book_XIX_CPP_Scientific_Computing_and_Numerical_Methods_Corrected_Section_Examples.epub	21318	9581ddc09dcf0eb9253a7e61f53dd15a7ed85c5558e3cfaae3efaabfd3d1ec2a
EPUB	Book_XI_CPP_Robotics_and_Autonomous_Systems_Corrected_Section_Examples.epub	16330	7d8c57e6c2d28c41f18c09f6eae563fcb6067c02ec836d3cd06573d48938e6e6
EPUB	Book_XVIII_CPP_Game_Engine_Architecture_and_Real_Time_Simulation_Corrected_Section_Examples.epub	22638	89b34ca23d78b35606caa0ef83e72b271a4fe56666d16c5a85adbaca13e076bd
EPUB	Book_XVII_CPP_Compilers_Languages_and_Runtime_Systems_Corrected_Section_Examples.epub	23557	71a4454dd37782719278d19eca77e776711de33466fe3245a524ffc688ca89ba
EPUB	Book_XVI_CPP_Databases_and_High_Performance_Data_Systems_Corrected_Section_Examples.epub	22096	aeadf872b94e7e307e989779cb43724fae31fb1ff6aa8a2aebf55fef12376055
EPUB	Book_XV_CPP_AI_Agents_and_Autonomous_Software_Systems_Corrected_Section_Examples.epub	23549	2c5d6f6919d59babc514d660ffc8f2d28336329925e6c2b44177449c68fbe2de
EPUB	Book_XXIII_CPP_Computer_Architecture_and_Hardware_Aware_Programming_Corrected_Section_Examples.epub	21556	80f78a2a8b4e52e16dfa8a5cf931438893fc2c4a0d6d705a07705c7e8e52e93d
EPUB	Book_XXII_CPP_Storage_Engines_and_Filesystem_Engineering_Corrected_Section_Examples.epub	22778	35c7e242d53983d88fad99aa96156a43d3bfd40a0f468ec5d6717a93a5c8e645
EPUB	Book_XXIV_CPP_Cryptography_and_Secure_Protocol_Engineering_Corrected_Section_Examples.epub	24304	65b78333c042c73422021ea3430a3b551d75eaa9cd9f20c1f2d6d775587fb56d
EPUB	Book_XXIX_CPP_Low_Latency_and_Financial_Systems_Engineering_Corrected_Section_Examples.epub	17045	5ee616401b72e5048ca81278db625a03f097ab0e2144c6f9815753ecd7a4224a
EPUB	Book_XXI_CPP_Operating_Systems_and_Kernel_Engineering_Corrected_Section_Examples.epub	22437	22d9c1b20d407424f0a509379c6dcbdc3d74480a7f0967d73882b60dde1d48fa
EPUB	Book_XXVIII_CPP_Audio_DSP_and_Multimedia_Systems_Corrected_Section_Examples.epub	19447	e0c3b775cd76fb79de34b72469d74760fd7bcc438e2b6ade63dcfd90ae0e8fbb
EPUB	Book_XXVII_CPP_Formal_Methods_and_Software_Verification_Corrected_Section_Examples.epub	17709	ab908d2c238f94bbfce8541759916d35e9e75bf769fa8b1c56dce5b787273b65
EPUB	Book_XXVI_CPP_Observability_and_Production_Diagnostics_Corrected_Section_Examples.epub	22646	b4600b3df6bc52622e3d64b24ff51e97a76c855599e7e027a139959f12f215a0
EPUB	Book_XXV_CPP_Distributed_Consensus_and_Cluster_Systems_Corrected_Section_Examples.epub	21886	bf8e2f643c060a46b2d2a4e5ff7232285dbbe4b960e146f459abf04072f4ab03
EPUB	Book_XXXII_CPP_Cross_Platform_Application_Engineering_Corrected_Section_Examples.epub	20644	7fbc42d149a055c7c8bff2a91576daaccd743c0dcfd17e7295097fb5caffab6a
EPUB	Book_XXXI_CPP_Build_Systems_Toolchains_and_Binary_Engineering_Corrected_Section_Examples.epub	18527	d9e1a1ec2621e053893300d7a967ebf544a0cecf16d55beff88272051b5986aa
EPUB	Book_XXX_CPP_Software_Architecture_at_Scale_Corrected_Section_Examples.epub	18992	1312485337fe8f0989656eed103ee8c1d1ca1a9ccb29e079f4df4f141a5f91dd
EPUB	Book_XX_CPP_Network_Programming_and_High_Performance_Servers_Corrected_Section_Examples.epub	22783	791cb3c1ec1ff83145134817155bb7190b15c80aae263acff435c72a08115041
EPUB	Book_X_Embedded_CPP_and_Edge_Systems_Corrected_Section_Examples.epub	514666	48ac40e3622d3e71dd80572d9de77af06585c0acfccddccead14b899c0dd1d85
PDF	Book_III_Data_Structures_and_Algorithms_Expanded_Corrected_Section_Examples.pdf	721698	3cc365ca6ef2d00583b82e24686d3aecd3c7de1cdbbe91b4aaaec682156f9dbc
PDF	Book_II_Modern_CPP_Programming_Expanded_Corrected_Section_Examples.pdf	758856	afc5d6407bdb8e1c36e3962e83b7016d286d7708ff450f7c393a17a3c5c796bd
PDF	Book_IV_Systems_Programming_with_CPP_Expanded_Corrected_Section_Examples.pdf	769847	f45a27275058aa01853930ca92e5c1343efe31eb76850d716b434e0665dc80d6
PDF	Book_IX_Secure_CPP_Engineering_and_Production_Security_Corrected_Section_Examples.pdf	622994	7e5ce479d51f5d8450fd2612fbfd89c0fbd4262415281d430efe6d4c5ce4f0fe
PDF	Book_I_CPP_Foundations_Expanded_Corrected_Section_Examples.pdf	774456	43b919d6108b365eec500e166e987180f97aaaa56c9d98033a20ce82ec7600e7
PDF	Book_VIII_Production_CPP_Services_and_Cloud_Native_Infrastructure_Corrected_Section_Examples.pdf	985134	a9d9951067e885172ef5dd749cb27c2ad79897e6a6a6c322c6d7aeb5bddc3813
PDF	Book_VII_Advanced_CPP_Architecture_and_Distributed_Systems_Corrected_Section_Examples.pdf	1368246	96522cb2fd7cf0f5e057d9b465f4f985be4d2126977a4de121bb1ded04b888a5
PDF	Book_VI_Expert_CPP_Parallel_Computing_CUDA_and_Real_Time_Systems_Expanded_Corrected_Section_Examples.pdf	784721	90d4d60c35e8456b1ac514d7d9feedd71efa34d75c791fe5037eb4761c300e6f
PDF	Book_V_Professional_and_High_Performance_CPP_Corrected_Section_Examples.pdf	360660	56db3dafa16208470874298c467ae2bafa13176547bdd43e74f72f9e5d5e9f04
PDF	Book_XIII_CPP_Machine_Learning_and_AI_Systems_Corrected_Section_Examples.pdf	705633	f39113db3fd3440b6379fd0e0abc0cb2e2e2483ab7be64b07300f68d91500f3e
PDF	Book_XII_CPP_Computer_Vision_and_Intelligent_Perception_Corrected_Section_Examples.pdf	570061	b97a5e66ccbaaef43707f839e8521adfad84572b3d856b2bf67f2dbc374268b1
PDF	Book_XIV_CPP_Large_Language_Models_and_Generative_AI_Systems_Corrected_Section_Examples.pdf	681732	17b17c69892655c8dfc7c2e3ff249f290adb17083569d46da31dadc967129197
PDF	Book_XIX_CPP_Scientific_Computing_and_Numerical_Methods_Corrected_Section_Examples.pdf	708496	6729aec8250156bef1149469b5d28e448fde148fdf8989c92c51ae5f672cfcc1
PDF	Book_XI_CPP_Robotics_and_Autonomous_Systems_Corrected_Section_Examples.pdf	522447	918dbff6476c9ff89d8bc13636fcf5d5d448550cca684cb5ed1ad24fa6ae4857
PDF	Book_XVIII_CPP_Game_Engine_Architecture_and_Real_Time_Simulation_Corrected_Section_Examples.pdf	676145	f4ae717dc4a7d893fd141ee425479dfc2ee89981431cbac85d1be9692c0985dd
PDF	Book_XVII_CPP_Compilers_Languages_and_Runtime_Systems_Corrected_Section_Examples.pdf	779109	a8b96fbf8d8254b5d2128960f92a84b51bb42e297145fa3d17e43b001ed59d7b
PDF	Book_XVI_CPP_Databases_and_High_Performance_Data_Systems_Corrected_Section_Examples.pdf	701456	119c19991d97a709946f2681164251350b878bd42ec3885924bc15a6c22360ad
PDF	Book_XV_CPP_AI_Agents_and_Autonomous_Software_Systems_Corrected_Section_Examples.pdf	723432	01ddbe977a973816d68066bc5bcaa8209e1665cad8a0489c64d3b1b9c52d10f1
PDF	Book_XXIII_CPP_Computer_Architecture_and_Hardware_Aware_Programming_Corrected_Section_Examples.pdf	684463	d9cb736e120c6af0de599b6e11a91df6f68fefc65951725eb8327cfcdd50a3f6
PDF	Book_XXII_CPP_Storage_Engines_and_Filesystem_Engineering_Corrected_Section_Examples.pdf	694761	f0f05744fbd36dcac7701cb1ed5e05a61c940fdd8d34c5dd069b8af59a4dedf6
PDF	Book_XXIV_CPP_Cryptography_and_Secure_Protocol_Engineering_Corrected_Section_Examples.pdf	725879	b5205d44d479251abddba2881e13cfff24db7b8cd1d36c3bcd4a324104ffc526
PDF	Book_XXIX_CPP_Low_Latency_and_Financial_Systems_Engineering_Corrected_Section_Examples.pdf	533037	2a3b9e97d6311df84d05559cd8cf2a9ac55bebc840260846278a773421f6cc08
PDF	Book_XXI_CPP_Operating_Systems_and_Kernel_Engineering_Corrected_Section_Examples.pdf	728011	f5f350fb7472ef43ce8a75eacab8617d8e70e17d0b17a390328131ffa81de5b6
PDF	Book_XXVIII_CPP_Audio_DSP_and_Multimedia_Systems_Corrected_Section_Examples.pdf	652595	42ccedf8da1756359d8407a0b8d2b7f9ba286856a9292c1e82972370c3ce3cc9
PDF	Book_XXVII_CPP_Formal_Methods_and_Software_Verification_Corrected_Section_Examples.pdf	549983	bda5608d00f18ef830e482a0f8478d766f3ebdbefbac490f533d60469fa6051e
PDF	Book_XXVI_CPP_Observability_and_Production_Diagnostics_Corrected_Section_Examples.pdf	700101	0d75f9b3ac04ebb39e20f4c2606a7c4482b1aad13b6a0a2ab813569be4ae5a5f
PDF	Book_XXV_CPP_Distributed_Consensus_and_Cluster_Systems_Corrected_Section_Examples.pdf	599698	beb0a64459994661ead68b28aafa828a8d91824662343c58326190dac242762a
PDF	Book_XXXII_CPP_Cross_Platform_Application_Engineering_Corrected_Section_Examples.pdf	689754	548131695a6fa2dddbc289f9e499d07b7ead918e5b8465b3a82fcc6283270be5
PDF	Book_XXXI_CPP_Build_Systems_Toolchains_and_Binary_Engineering_Corrected_Section_Examples.pdf	551056	d9f7a0a7975b39f4e2f3fc8a590c0dfa5f40609d08f74ec05e5eb4f1960505ff
PDF	Book_XXX_CPP_Software_Architecture_at_Scale_Corrected_Section_Examples.pdf	690128	3a040d1f77c10426f7cb2245beda4832d71d605787bf54b8367581068d5d2ea5
PDF	Book_XX_CPP_Network_Programming_and_High_Performance_Servers_Corrected_Section_Examples.pdf	738396	0890654abc0f731ea9bdeb038b4467b154806010ae59ecbf9afeb5d0563f3a91
PDF	Book_X_Embedded_CPP_and_Edge_Systems_Corrected_Section_Examples.pdf	931	6eb0948569138fe89ec67cec454e959fada703a4c6d43dc8e2ae216e38abd8db
